participant_id,condition,time,target_correct,secondary_correct,target_total,secondary_total,target_accuracy,secondary_accuracy
C01,Control,Pretest,2,5,10,10,0.2,0.5
C01,Control,Post-test,3,8,10,10,0.3,0.8
C02,Control,Pretest,2,7,10,10,0.2,0.7
C02,Control,Post-test,2,7,10,10,0.2,0.7
C03,Control,Pretest,3,4,10,10,0.3,0.4
C03,Control,Post-test,5,8,10,10,0.5,0.8
C04,Control,Pretest,9,9,10,10,0.9,0.9
C04,Control,Post-test,8,9,10,10,0.8,0.9
C05,Control,Pretest,6,6,10,10,0.6,0.6
C05,Control,Post-test,7,8,10,10,0.7,0.8
C06,Control,Pretest,7,7,10,10,0.7,0.7
C06,Control,Post-test,6,9,10,10,0.6,0.9
C07,Control,Pretest,7,7,10,10,0.7,0.7
C07,Control,Post-test,7,7,10,10,0.7,0.7
C08,Control,Pretest,4,8,10,10,0.4,0.8
C08,Control,Post-test,4,7,10,10,0.4,0.7
C09,Control,Pretest,3,4,10,10,0.3,0.4
C09,Control,Post-test,4,6,10,10,0.4,0.6
C10,Control,Pretest,4,2,10,10,0.4,0.2
C10,Control,Post-test,6,5,10,10,0.6,0.5
C11,Control,Pretest,4,5,10,10,0.4,0.5
C11,Control,Post-test,6,6,10,10,0.6,0.6
C12,Control,Pretest,4,5,10,10,0.4,0.5
C12,Control,Post-test,5,6,10,10,0.5,0.6
C13,Control,Pretest,5,4,10,10,0.5,0.4
C13,Control,Post-test,6,7,10,10,0.6,0.7
C14,Control,Pretest,1,5,10,10,0.1,0.5
C14,Control,Post-test,3,7,10,10,0.3,0.7
C15,Control,Pretest,6,8,10,10,0.6,0.8
C15,Control,Post-test,7,10,10,10,0.7,1
C16,Control,Pretest,3,3,10,10,0.3,0.3
C16,Control,Post-test,5,5,10,10,0.5,0.5
C17,Control,Pretest,5,7,10,10,0.5,0.7
C17,Control,Post-test,7,8,10,10,0.7,0.8
C18,Control,Pretest,5,7,10,10,0.5,0.7
C18,Control,Post-test,4,8,10,10,0.4,0.8
C19,Control,Pretest,2,7,10,10,0.2,0.7
C19,Control,Post-test,2,7,10,10,0.2,0.7
C20,Control,Pretest,4,8,10,10,0.4,0.8
C20,Control,Post-test,5,9,10,10,0.5,0.9
C21,Control,Pretest,4,8,10,10,0.4,0.8
C21,Control,Post-test,5,8,10,10,0.5,0.8
C22,Control,Pretest,7,5,10,10,0.7,0.5
C22,Control,Post-test,7,9,10,10,0.7,0.9
C23,Control,Pretest,3,5,10,10,0.3,0.5
C23,Control,Post-test,5,6,10,10,0.5,0.6
C24,Control,Pretest,4,5,10,10,0.4,0.5
C24,Control,Post-test,6,7,10,10,0.6,0.7
C25,Control,Pretest,3,5,10,10,0.3,0.5
C25,Control,Post-test,4,9,10,10,0.4,0.9
C26,Control,Pretest,5,6,10,10,0.5,0.6
C26,Control,Post-test,5,8,10,10,0.5,0.8
C27,Control,Pretest,3,7,10,10,0.3,0.7
C27,Control,Post-test,6,6,10,10,0.6,0.6
C28,Control,Pretest,1,6,10,10,0.1,0.6
C28,Control,Post-test,6,8,10,10,0.6,0.8
C29,Control,Pretest,8,7,10,10,0.8,0.7
C29,Control,Post-test,8,10,10,10,0.8,1
C30,Control,Pretest,2,5,10,10,0.2,0.5
C30,Control,Post-test,5,8,10,10,0.5,0.8
G01,Grounding,Pretest,4,7,10,10,0.4,0.7
G01,Grounding,Post-test,9,7,10,10,0.9,0.7
G02,Grounding,Pretest,6,5,10,10,0.6,0.5
G02,Grounding,Post-test,10,8,10,10,1,0.8
G03,Grounding,Pretest,1,1,10,10,0.1,0.1
G03,Grounding,Post-test,8,3,10,10,0.8,0.3
G04,Grounding,Pretest,3,4,10,10,0.3,0.4
G04,Grounding,Post-test,8,6,10,10,0.8,0.6
G05,Grounding,Pretest,7,6,10,10,0.7,0.6
G05,Grounding,Post-test,9,9,10,10,0.9,0.9
G06,Grounding,Pretest,8,3,10,10,0.8,0.3
G06,Grounding,Post-test,9,6,10,10,0.9,0.6
G07,Grounding,Pretest,5,6,10,10,0.5,0.6
G07,Grounding,Post-test,9,9,10,10,0.9,0.9
G08,Grounding,Pretest,4,4,10,10,0.4,0.4
G08,Grounding,Post-test,8,7,10,10,0.8,0.7
G09,Grounding,Pretest,6,5,10,10,0.6,0.5
G09,Grounding,Post-test,9,6,10,10,0.9,0.6
G10,Grounding,Pretest,3,6,10,10,0.3,0.6
G10,Grounding,Post-test,7,7,10,10,0.7,0.7
G11,Grounding,Pretest,5,3,10,10,0.5,0.3
G11,Grounding,Post-test,8,6,10,10,0.8,0.6
G12,Grounding,Pretest,6,6,10,10,0.6,0.6
G12,Grounding,Post-test,7,7,10,10,0.7,0.7
G13,Grounding,Pretest,2,1,10,10,0.2,0.1
G13,Grounding,Post-test,6,6,10,10,0.6,0.6
G14,Grounding,Pretest,7,5,10,10,0.7,0.5
G14,Grounding,Post-test,9,8,10,10,0.9,0.8
G15,Grounding,Pretest,4,7,10,10,0.4,0.7
G15,Grounding,Post-test,7,8,10,10,0.7,0.8
G16,Grounding,Pretest,3,5,10,10,0.3,0.5
G16,Grounding,Post-test,8,6,10,10,0.8,0.6
G17,Grounding,Pretest,3,3,10,10,0.3,0.3
G17,Grounding,Post-test,7,6,10,10,0.7,0.6
G18,Grounding,Pretest,2,5,10,10,0.2,0.5
G18,Grounding,Post-test,8,6,10,10,0.8,0.6
G19,Grounding,Pretest,3,4,10,10,0.3,0.4
G19,Grounding,Post-test,9,8,10,10,0.9,0.8
G20,Grounding,Pretest,7,7,10,10,0.7,0.7
G20,Grounding,Post-test,8,5,10,10,0.8,0.5
G21,Grounding,Pretest,5,6,10,10,0.5,0.6
G21,Grounding,Post-test,9,8,10,10,0.9,0.8
G22,Grounding,Pretest,6,3,10,10,0.6,0.3
G22,Grounding,Post-test,10,8,10,10,1,0.8
G23,Grounding,Pretest,3,6,10,10,0.3,0.6
G23,Grounding,Post-test,9,7,10,10,0.9,0.7
G24,Grounding,Pretest,3,3,10,10,0.3,0.3
G24,Grounding,Post-test,8,5,10,10,0.8,0.5
G25,Grounding,Pretest,4,8,10,10,0.4,0.8
G25,Grounding,Post-test,7,9,10,10,0.7,0.9
G26,Grounding,Pretest,2,4,10,10,0.2,0.4
G26,Grounding,Post-test,8,7,10,10,0.8,0.7
G27,Grounding,Pretest,6,4,10,10,0.6,0.4
G27,Grounding,Post-test,9,6,10,10,0.9,0.6
G28,Grounding,Pretest,5,2,10,10,0.5,0.2
G28,Grounding,Post-test,9,2,10,10,0.9,0.2
G29,Grounding,Pretest,2,2,10,10,0.2,0.2
G29,Grounding,Post-test,9,6,10,10,0.9,0.6
G30,Grounding,Pretest,4,6,10,10,0.4,0.6
G30,Grounding,Post-test,8,8,10,10,0.8,0.8
T01,Thematic,Pretest,3,4,10,10,0.3,0.4
T01,Thematic,Post-test,3,8,10,10,0.3,0.8
T02,Thematic,Pretest,3,4,10,10,0.3,0.4
T02,Thematic,Post-test,5,5,10,10,0.5,0.5
T03,Thematic,Pretest,4,6,10,10,0.4,0.6
T03,Thematic,Post-test,6,8,10,10,0.6,0.8
T04,Thematic,Pretest,4,4,10,10,0.4,0.4
T04,Thematic,Post-test,6,5,10,10,0.6,0.5
T05,Thematic,Pretest,2,3,10,10,0.2,0.3
T05,Thematic,Post-test,3,7,10,10,0.3,0.7
T06,Thematic,Pretest,4,4,10,10,0.4,0.4
T06,Thematic,Post-test,7,7,10,10,0.7,0.7
T07,Thematic,Pretest,4,6,10,10,0.4,0.6
T07,Thematic,Post-test,9,6,10,10,0.9,0.6
T08,Thematic,Pretest,6,8,10,10,0.6,0.8
T08,Thematic,Post-test,6,8,10,10,0.6,0.8
T09,Thematic,Pretest,1,2,10,10,0.1,0.2
T09,Thematic,Post-test,6,6,10,10,0.6,0.6
T10,Thematic,Pretest,7,2,10,10,0.7,0.2
T10,Thematic,Post-test,8,4,10,10,0.8,0.4
T11,Thematic,Pretest,7,4,10,10,0.7,0.4
T11,Thematic,Post-test,9,7,10,10,0.9,0.7
T12,Thematic,Pretest,6,6,10,10,0.6,0.6
T12,Thematic,Post-test,9,4,10,10,0.9,0.4
T13,Thematic,Pretest,4,6,10,10,0.4,0.6
T13,Thematic,Post-test,5,7,10,10,0.5,0.7
T14,Thematic,Pretest,4,7,10,10,0.4,0.7
T14,Thematic,Post-test,7,10,10,10,0.7,1
T15,Thematic,Pretest,3,4,10,10,0.3,0.4
T15,Thematic,Post-test,5,8,10,10,0.5,0.8
T16,Thematic,Pretest,7,7,10,10,0.7,0.7
T16,Thematic,Post-test,9,5,10,10,0.9,0.5
T17,Thematic,Pretest,6,3,10,10,0.6,0.3
T17,Thematic,Post-test,7,5,10,10,0.7,0.5
T18,Thematic,Pretest,2,5,10,10,0.2,0.5
T18,Thematic,Post-test,8,7,10,10,0.8,0.7
T19,Thematic,Pretest,2,3,10,10,0.2,0.3
T19,Thematic,Post-test,6,5,10,10,0.6,0.5
T20,Thematic,Pretest,9,7,10,10,0.9,0.7
T20,Thematic,Post-test,8,8,10,10,0.8,0.8
T21,Thematic,Pretest,4,4,10,10,0.4,0.4
T21,Thematic,Post-test,7,10,10,10,0.7,1
T22,Thematic,Pretest,3,5,10,10,0.3,0.5
T22,Thematic,Post-test,6,6,10,10,0.6,0.6
T23,Thematic,Pretest,3,5,10,10,0.3,0.5
T23,Thematic,Post-test,5,7,10,10,0.5,0.7
T24,Thematic,Pretest,2,3,10,10,0.2,0.3
T24,Thematic,Post-test,3,5,10,10,0.3,0.5
T25,Thematic,Pretest,6,7,10,10,0.6,0.7
T25,Thematic,Post-test,9,9,10,10,0.9,0.9
T26,Thematic,Pretest,5,10,10,10,0.5,1
T26,Thematic,Post-test,6,10,10,10,0.6,1
T27,Thematic,Pretest,4,5,10,10,0.4,0.5
T27,Thematic,Post-test,5,8,10,10,0.5,0.8
T28,Thematic,Pretest,4,6,10,10,0.4,0.6
T28,Thematic,Post-test,8,7,10,10,0.8,0.7
T29,Thematic,Pretest,6,8,10,10,0.6,0.8
T29,Thematic,Post-test,9,9,10,10,0.9,0.9
T30,Thematic,Pretest,3,5,10,10,0.3,0.5
T30,Thematic,Post-test,7,5,10,10,0.7,0.5
